{
	"MusicChip":
	{
		"songs": [
			{
				"songName": "PV8",
				"speedInBPM": 320,
				"tracks":
				[
					{
						"sfxID": 0,
						"notes": [
							36, 0, 0, 0, 40, 0, 0, 0, 43, 0, 0, 0, 46, 48, 48, 0, 52, 0, 0, 0, 0, 0, 0, 0, 0, 0, 0, 0,
							0, 0, 0, 0
						]
					},
					{
						"sfxID": 1,
						"notes": [
							40, 0, 0, 0, 48, 0, 0, 0, 55, 0, 0, 0, 0, 0, 0, 0, 52, 0, 0, 0, 0, 0, 0, 0, 0, 0, 0, 0, 0,
							0, 0, 0
						]
					},
					{
						"sfxID": 2,
						"notes": [
							48, 0, 0, 0, 53, 0, 0, 0, 58, 0, 0, 0, 58, 53, 55, 57, 60, 0, 0, 0, 0, 0, 0, 0, 0, 0, 0, 0,
							0, 0, 0, 0
						]
					},
					{
						"sfxID": 3,
						"notes": [
							0, 0, 0, 0, 0, 0, 0, 0, 0, 0, 0, 0, 0, 0, 0, 0, 0, 0, 0, 0, 0, 0, 0, 0, 0, 0, 0, 0, 0, 0, 0,
							0
						]
					}
				]
			}
		]
	}
}