{
	"SoundChip":
	{
		"version": "v2",
		"sounds": [
			{
				"name": "Bing1",
				"settings": "0,,.0625,.5481,.4992,.4583,,,,,,,,,,,,,1,,,,,0.5"
			},
			{
				"name": "Beep2",
				"settings": "0,0.07,0.42,0.5,.4131,.4038,,,,,,,,,,,,,1,,,,,0.68"
			},
			{
				"name": "Untitled02",
				"settings": "0,,,,,,,,,,,,,,,,,,,,,,,.5"
			},
			{
				"name": "Untitled03",
				"settings": "0,,,,,,,,,,,,,,,,,,,,,,,.5"
			},
			{
				"name": "Untitled04",
				"settings": "0,,,,,,,,,,,,,,,,,,,,,,,.5"
			},
			{
				"name": "Untitled05",
				"settings": "0,,,,,,,,,,,,,,,,,,,,,,,.5"
			},
			{
				"name": "Untitled06",
				"settings": "0,,,,,,,,,,,,,,,,,,,,,,,.5"
			},
			{
				"name": "Untitled07",
				"settings": "0,,,,,,,,,,,,,,,,,,,,,,,.5"
			}
		]
	}
}