{"ColorChip":{"maxColors":256,"backgroundColor":0,"maskColor":"#FF00FF","unique":false,"debug":false,},"DisplayChip":{"width":192,"height":220,"overscanX":0,"overscanY":0,"layers":6},"FontChip":{},"GameChip":{"lockSpecs":false,"maxSize":512,"saveSlots":8},"MusicChip":{"totalSongs":32,"notesPerTrack":127,"totalPatterns":24,"totalLoop":24},"SoundChip":{"totalChannels":5,"totalSounds":32,"channelTypes":[-1,-1,-1,-1,-1]},"SpriteChip":{"maxSpriteCount":0,"unique":false,"spriteWidth":8,"spriteHeight":8,"pages":8,"cps":12},"TilemapChip":{"columns":256,"rows":256,"totalFlags":16,"autoImport":false,}}