{
    "SoundChip":
    {
        "version":"v2",
        "sounds": [{
                "name":"Melody",
                "settings":"0,0.07,0,,0.68,.1266,0,,,0.07,0.03,,,0.24,0,,0,,0.29,-0.6,0,0.16,1,0.37"
                },
                {
                "name":"Harmony",
                "settings":"1,0.03,0.2,,0.5,.1266,,0,,,,0,0,.31,,0.42,-0.26,0,0.16,-0.08,0,0.24,0,0.46"
                },
                {
                "name":"Bass",
                "settings":"4,0.03,.01,,0.37,.1266,,,,,,,,.31,,,,,1,,,.1,,0.85"
                },
                {
                "name":"Drums",
                "settings":"3,,.01,,.209,.1668,,,,,,,,.31,,,,,.3,,,0.11,,0.29"
                },
                {
                "name":"Lead",
                "settings":"4,0.11,0.5,.0767,0.46,.1266,,,-.002,0,0.24,0,0.07,,-.0038,.8698,-1,0,.6377,-0.34,0,0,0,.5"
                },
                {
                "name":"LowDrum",
                "settings":"4,,.2981,.1079,.1122,.1826,.0583,-.2287,.1341,.3666,.0704,.1626,.2816,.0642,.3733,.2103,-.3137,-.3065,.8693,-.3045,.4969,.0218,-.015,.6"
                },
                {
                "name":"Success",
                "settings":"0,,.057,,.41,0.29,,.2314,0.36,0.11,0,0.11,0.2,0.46,0.7,.6101,,,1,,,,,.5"
                },
                {
                "name":"Pickup",
                "settings":"1,,.1757,,.1632,0.24,,,,,,,,,,,,,1,,,.1,,.5"
                },
                {
                "name":"Hit1",
                "settings":"3,,.0978,,.2896,.2078,,-.4078,,,,,,,,,,,1,,,.1696,,.5"
                },
                {
                "name":"Woah",
                "settings":"4,,.2981,.1079,.1122,0.2,.0583,-.2287,.1341,0.9,0.29,0.72,0.55,.0642,.3733,.2103,-.3137,-.3065,.8693,-.3045,.4969,.0218,-.015,.6"
                },
                {
                "name":"Hit2",
                "settings":"3,,.0214,,.2616,0.59,0,-.391,0.1,,,0.55,0,,,0.29,,,0.42,-0.42,0.33,,-0.26,.5"
                },
                {
                "name":"Death",
                "settings":"3,,0,0.37,0.5,0.2,,-.4293,,,,0.42,0.42,,,,,,1,,,,,.5"
                },
                {
                "name":"Break",
                "settings":"3,0.16,.051,0.72,0.42,.3082,,-0.34,,,,,,,,,,,1,,,,,0.33"
                },
                {
                "name":"Burn",
                "settings":"3,,.0185,.4397,0.29,0.81,,0.28,0.36,,,,,,,0.2,-0.16,0,1,,,,,.5"
                },
                {
                "name":"Confused",
                "settings":"4,0.2,.169,,0.24,0.2,,0.18,-0.08,0.37,0.42,0.24,0.81,.4989,,,,,1,,,.1,,.5"
                },
                {
                "name":"Boop",
                "settings":"0,0,.0773,.3177,0.2,0.55,,,,,,,,,,,,,1,,,,,.5"
                },
                {
                "name":"Meow",
                "settings":"0,0.16,0.16,1,0.42,0.5,0.37,-0.08,-0.08,0.03,0.29,0.9,,1,-0.08,,,,0.37,,,0.46,-0.94,.5"
                },
                {
                "name":"OK",
                "settings":"0,,.1347,,.1694,0.24,,,,,,,,0.64,0,,,,1,,,.1,,0.42"
                },
                {
                "name":"Untitled18",
                "settings":"0,,.0185,.4397,.1783,.8434,,,,,,,,,,,,,1,,,,,.5"
                },
                {
                "name":"Untitled19",
                "settings":"0,,.0185,.4397,.1783,.8434,,,,,,,,,,,,,1,,,,,.5"
                },
                {
                "name":"Untitled20",
                "settings":"0,,.0185,.4397,.1783,.8434,,,,,,,,,,,,,1,,,,,.5"
                },
                {
                "name":"Untitled21",
                "settings":"0,,.0185,.4397,.1783,.8434,,,,,,,,,,,,,1,,,,,.5"
                },
                {
                "name":"Untitled22",
                "settings":"0,,.0185,.4397,.1783,.8434,,,,,,,,,,,,,1,,,,,.5"
                },
                {
                "name":"Untitled23",
                "settings":"0,,.0185,.4397,.1783,.8434,,,,,,,,,,,,,1,,,,,.5"
                },
                {
                "name":"Untitled24",
                "settings":"0,,.0185,.4397,.1783,.8434,,,,,,,,,,,,,1,,,,,.5"
                },
                {
                "name":"Untitled25",
                "settings":"0,,.0185,.4397,.1783,.8434,,,,,,,,,,,,,1,,,,,.5"
                },
                {
                "name":"Untitled26",
                "settings":"0,,.0185,.4397,.1783,.8434,,,,,,,,,,,,,1,,,,,.5"
                },
                {
                "name":"Untitled27",
                "settings":"0,,.0185,.4397,.1783,.8434,,,,,,,,,,,,,1,,,,,.5"
                },
                {
                "name":"Untitled28",
                "settings":"0,,.0185,.4397,.1783,.8434,,,,,,,,,,,,,1,,,,,.5"
                },
                {
                "name":"Untitled29",
                "settings":"0,,.0185,.4397,.1783,.8434,,,,,,,,,,,,,1,,,,,.5"
                },
                {
                "name":"Untitled30",
                "settings":"0,,.0185,.4397,.1783,.8434,,,,,,,,,,,,,1,,,,,.5"
                },
                {
                "name":"Untitled31",
                "settings":"0,,.0185,.4397,.1783,.8434,,,,,,,,,,,,,1,,,,,.5"
                }
                
        ]
}
}