{
	"SoundChip":
	{
		"sounds": [
			{
				"name": "Bass",
				"settings": "2,.5,,.3,,.4,.3,.2058,,,,,,,,,,,,,,,,,,1,,,,,,"
			},
			{
				"name": "Piano",
				"settings": "2,.5,,.01,,.609,.3,.2058,,,,,,,,,,,,,.31,,,,,1,,,.1,,,"
			},
			{
				"name": "Piano2",
				"settings": "2,.5,,.01,,.509,.3,.225,,,,,,,,,,,,,.31,,,,,1,,,.1,,,"
			},
			{
				"name": "Piano3",
				"settings":
					"3,.1,.1255,.11,.1651,.5411,.2923,.2609,,.3681,-.1838,.7139,.7158,.2602,,.8923,-.0184,,.9303,.4695,,-.495,.4444,-.7339,-.5996,.2223,.276,.2455,.1376,,.2619,-.7403"
			}
		]
	}
}