{
	"ColorChip":
	{
		"maxColors": 64,
		"backgroundColor": 0,
		"maskColor": "#FF00FF",
		"unique": false,
		"debug": false,

	},
	"DisplayChip":
	{
		"width": 264,
		"height": 248,
		"overscanX": 1,
		"overscanY": 1,
		"layers": 6

	},
	"FontChip":
	{
	},
	"GameChip":
	{
		"lockSpecs": false,
		"maxSize": 256,
		"saveSlots": 8
	},
	"MusicChip":
	{
		"totalSongs": 16,
		"notesPerTrack": 127,
		"totalPatterns": 8,
		"totalLoop": 8
	},
	"SoundChip":
	{
		"totalChannels": 5,
		"totalSounds": 8,
		"channelTypes": [-1, -1, -1, -1, -1]
	},

	"SpriteChip": {
		"maxSpriteCount": 0,
		"unique": true,
		"spriteWidth": 8,
		"spriteHeight": 8,
		"pages": 4,
		"cps": 16
	},
	"TilemapChip":
	{
		"columns": 32,
		"rows": 32,
		"totalFlags": 16,
		"autoImport": false,

	}
}